0,씬 넘버,스토리,선택지 1,선택지 1 이동,선택지 1 사운드,선택지 2,선택지 2 이동,선택지 2 사운드,선택지 3,선택지 3 이동,선택지 3 사운드,사운드,이미지,연출 명
1,1,"오늘
내일",,,,,,,,,,,,
2,2,"할게 한 두 개가 아닌데 어떻게 해야하나 모르겠네
지금 한 거 만 다 하면 되는건가
뭘 보내줘야 할 텐데
심심하다
CSV테스트 해야지

",,,,,,,,,,,,
3,3,"파싱은 어캐 해야하나
",포기한다.,4,,계속한다.,1,,어찌지,2,,,,
4,4,,,,,,,,,,,,,